c,o,n,t,o,h
a,u,t,o,b,i,o,g,r,a,f,i
j,a,l,a,n
h,i,d,u,p
a,b,a,i
s,a,j,a
a,p,a,l,a,g,i
a,n,d,a
a,l,a,m,i
b,a,n,y,a,k
s,e,k,a,l,i
j,u,a,n,g
k,e,r,a,s
c,a,p,a,i
a,p,a
l,a,m,a
i,m,p,i
d,e,n,g,a,n
c,a,p,a,i
s,e,b,u,t
s,i,n,i
a,n,d,a
p,e,r,l,u
p,a,s,t,i
c,a,t,a,t
m,a,t,a,n,g
r,i,n,c,i
r,u,n,t,u,t
j,a,d,i
b,u,a,h
k,i,s,a,h
t,a,r,i,k
i,n,s,p,i,r,a,t,i,f
d,a,l,a,m
k,i,s,a,h
s,e,b,u,t
m,a,s,u,k
r,i,w,a,y,a,t
j,a,l,a,n
h,i,d,u,p
k,a,t,a
b,u,t,a
m,a,c,a,m
a,u,t,o,b,i,o,g,r,a,f,i
l,a,l,u
a,p,a
a,u,t,o,b,i,o,g,r,a,f,i
b,a,g,a,i,m,a,n,a
c,o,n,t,o,h
n,a,h
s,i,n,i
a,n,d,a
m,u,l,a,i
k,e,n,a,l
i,s,t,i,l,a,h
s,e,b,u,t
s,e,k,a,l,i,g,u,s
b,e,b,e,r,a,p,a
c,o,n,t,o,h
a,u,t,o,b,i,o,g,r,a,f,i
m,o,d,e,r,n
s,e,d,a,n,g
b,e,b,e,r,a,p,a
i,n,f,o,r,m,a,s,i
k,a,i,t
s,i,l,a,h
a,n,d,a
s,i,m,a,k
u,l,a,s,a,n,y,a
b,a,w,a,h
i,n,i
i,k,u,t
j,e,l,a,s
l,e,n,g,k,a,p
p,u,t,a,r
a,u,t,o,b,i,o,g,r,a,f,i
m,u,l,a,i
e,r,t,i
a,u,t,o,b,i,o,g,r,a,f,i
c,o,n,t,o,h
a,u,t,o,b,i,o,g,r,a,f,i
d,i,r,i
s,e,n,d,i,r,i
c,o,n,t,o,h
a,u,t,o,b,i,o,g,r,a,f,i
l,e,n,g,k,a,p
c,o,n,t,o,h
a,u,t,o,b,i,o,g,r,a,f,i
p,a,h,l,a,w,a,n
c,o,n,t,o,h
a,u,t,o,b,i,o,g,r,a,f,i
u,s,a,h,a
c,o,n,t,o,h
a,u,t,o,b,i,o,g,r,a,f,i
p,a,n,j,a,n,g
m,a,n,f,a,a,t
a,u,t,o,b,i,o,g,r,a,f,i
d,l,l
d,a,f,t,a,r
i,s,i,s,e,b,e,l,u,m
p,a,s,u,k
b,a,h,a,s
l,e,b,i,h
j,a,u,h
b,a,g,a,i,m,a,n,a
c,o,n,t,o,h
a,u,t,o,b,i,o,g,r,a,f,i
a,n,d,a
p,e,r,l,u
k,e,n,a,l
b,e,n,a,r
a,p,a
a,u,t,o,b,o,g,r,a,f,i
e,r,t,i
b,i,a,s,a
m,u,n,g,k,i,n
b,a,n,y,a,k
k,e,n,a,l
i,s,t,i,l,a,h
b,i,o,g,r,a,f,i
n,a,m,u,n
a,p,a
b,e,d,a
b,i,o,g,r,a,f,i
a,u,t,o,b,i,o,g,r,a,f,i
j,i,k,a
h,a,m,p,i,r
s,a,m,a
i,s,t,i,l,a,h
s,e,b,u,t
b,e,d,a
d,a,l,a,m
p,e,r,l,u
t,a,h,u
n,a,m,a
b,e,d,a
s,e,b,u,t
m,i,l,i,k
e,r,t,i
b,e,d,a
p,u,l,a
j,i,k,a
b,i,o,g,r,a,f,i
l,e,b,i,h
k,e,n,a,l
k,i,s,a,h
h,i,d,u,p
s,i,n,g,k,a,t
b,a,h,k,a,n
k,a,d,a,n,g
c,a,k,u,p
j,a,b,a,r
b,i,o,d,a,t,a
s,a,j,a
a,u,t,o,b,i,o,g,r,a,f,i
r,e,n,t,e,t
j,a,l,a,n
h,i,d,u,p
l,e,n,g,k,a,p
t,u,l,i,s
l,a,k,u
h,i,d,u,p
k,a,t,a
m,i,l,i,k
b,i,o,g,r,a,f,i
s,e,b,u,t
n,a,m,u,n
l,a,m,a
a,u,t,o,b,i,o,g,a,f,i
t,u,l,i,s
m,i,l,i,k
s,e,n,d,i,r,i
a,u,t,o,b,i,o,g,r,a,f,i
t,u,l,i,s
b,e,b,e,r,a,p,a
o,r,a,n,g
k,i,s,a,h
j,a,l,a,n
h,i,d,u,p
o,r,a,n,g
k,a,t,a
b,a,g,a,i,m,a,n,a
t,o,k,o,h
m,a,s,a
l,a,l,u
b,u,a,t
a,u,t,o,b,i,o,g,r,a,f,i
s,e,n,d,i,r,i
i,n,i
j,i,k,a
g,u,n,a
j,e,n,i,s
s,a,t,u
i,n,i
k,o,n,t,e,k,s
c,e,r,i,t,a
s,e,j,a,r,a,h
d,a,l,a,m
a,u,t,o,b,i,o,g,r,a,f,i
b,a,n,y,a,k
m,u,a,t
y,a,n,g
j,e,l,a,s
s,i,n,g,k,a,t
m,u,l,a,i
a,l,a,m
h,i,d,u,p
k,e,c,i,l
r,i,w,a,y,a,t
j,a,l,a,n
l,a,l,u
h,i,n,g,g,a
b,a,g,a,i
c,a,p,a,i
r,a,i,h
j,a,l,a,n
c,e,r,i,t,a
a,u,t,o,b,i,o,g,r,a,f,i
a,k,h,i,r
a,l,a,m
s,e,d,a,n,g
l,a,l,u
i,n,i
b,i,c,a,r,a
l,e,b,i,h
a,u,t,o,b,i,o,g,r,a,f,i
p,e,r,l,u
t,a,h,u
r,i,w,a,y,a,t
h,i,d,u,p
s,e,b,u,t
s,e,d,i,a
b,a,g,a,i
m,a,c,a,m
j,e,n,i,s
d,a,l,a,m
s,e,b,u,t
a,u,t,o,b,i,o,g,r,a,f,i
p,a,n,j,a,n,g,n
s,i,n,g,k,a,t
d,u,a
g,a,n,t,u,n,g
b,a,g,a,i,m,a,n,a
k,i,s,a,h
d,a,l,a,m
d,i
s,e,b,u,t
r,i,n,c,i
d,a,l,a,m
k,i,l,a,s
s,a,j,a
h,a,l
g,a,n,t,u,n,g
b,a,g,a,i,m,a,n,a
m,i,n,a,t
t,u,l,i,s
d,a,l,a,m
a,u,t,o,b,i,o,g,r,a,f,i
p,a,n,j,a,n,g
s,a,j,a
m,a,k,i,n
r,i,n,c,i
j,e,l,a,s
j,a,b,a,r
r,i,w,a,y,a,t
h,i,d,u,p
d,a,l,a,m
n,a,m,u,n
k,a,l,a
a,u,t,o,b,i,o,g,r,a,f,i
t,a,r,i,k
t,u,l,i,s
s,i,n,g,k,a,t
s,a,j,a
f,o,k,u,s
c,a,p,a,i
t,e,n,t,u
d,a,n
k,a,l,i
i,n,i
b,e,r,b,a,g,a,o,i
c,o,n,t,o,h
p,a,p,a,r
j,e,n,i,s
a,u,t,o,b,i,o,g,r,a,f,i
s,i,n,g,k,a,t
r,i,n,g,k,a,s
p,a,d,a,t
c,o,n,t,o,h
a,u,t,o,b,i,o,g,r,a,f,i
s,a,y,a
m,i,l,i,k
n,a,m,a
a,n,a,n,g
p,r,a,y,o,g,a
b,i,a,s,a
p,a,n,g,g,i,l
y,o,g,a
s,a,y,a
l,a,h,i,r
t,a,n,g,g,a,l
2,4
j,a,n,u,a,r,i
u,s,i,a
2,7
t,a,h,u,n
t,a,n,a,h
l,a,h,i,r
t,e,p,a,t
a,d,a
b,u,a,h
d,e,s,a
w,i,l,a,y,a,h
b,a,t,u
j,a,w,a,t,i,m,u,r
d,i
s,i,n,i
j,a,l,a,n
h,i,d,u,p
b,a,g,a,i,m,a,n,a
a,n,a,k
l,a,i,n
a,l,a,m
t,a,k
l,u,p,a
l,e,b,i,h
i,n,g,a,t
b,e,t,a,p,a
a,s,r,i
d,e,s,a
s,a,y,a
b,a,t,u
k,a,w,a,s,a,n
b,a,n,y,a,k
l,a,k,u
a,k,t,i,v,i,t,a,s
t,a,n,i
s,a,n,a
o,l,e,h
h,e,r,a,n
b,a,n,y,a,k
k,e,n,a,l
s,i,s,t,e,m
t,a,n,i
b,a,i,k
l,e,b,i,h
i,n,g,a,t
d,u,a
o,r,a,n,g
t,u,a
m,i,l,i,k
p,r,o,f,e,s,i
t,a,n,i
h,i,n,g,g,a
a,k,h,i,r
t,a,r,i,k
k,e,r,j,a
m,a,n,f,a,a,t
s,e,b,u,t
l,a,m,a
m,a,s,a
k,e,c,i,l
h,i,n,g,g,a
d,e,w,a,s,a
t,e,t,a,p
h,i,d,u,p
l,i,n,g,k,u,n,g
k,e,l,u,a,r,g,a
t,e,m,p,u,h
d,i,d,i,k
w,i,l,a,y,a,h
t,e,m,p,a,t
d,a,n
i,n,j,a,k
j,e,n,j,a,n,g
d,i,d,i,k
s,m,k
m,u,l,a,i
t,a,r,i,k
d,a,l,a,m
b,i,d,a,n,g
t,a,n,i
l,e,b,i,h
r,i,n,c,i
h,i,n,g,g,a
p,u,t,u,s
a,m,b,i,l
j,u,r,u,s
t,a,n,i
p,u,l,a
s,a,a,t
a,d,a
b,a,n,y,a,k
t,a,r,i,k
b,a,r,u
m,u,l,a,i
a,j,a,r
n,a,h
h,i,d,u,p
l,e,b,i,h
t,a,r,i,k
j,a,l,a,n
m,u,l,a,i
s,e,j,a,k
l,u,l,u,s
s,m,k
b,a,g,a,i
i,l,m,u
d,a,p,a,t
m,u,l,a,i
t,e,r,a,p
s,i,n,i
m,o,d,a,l
a,d,a
s,a,y,a
s,e,n,g,a,j,a
p,u,t,u,s
l,a,n,j,u,t
g,u,r,u
t,i,n,g,g,i
e,k,o,n,o,m,i
k,e,l,u,a,r,g,a
p,a,s
m,a,k,i,n
c,e,p,a,t
m,u,l,a,i
u,s,a,h,a
m,a,k,i,n
b,a,i,k
t,e,l,a,h
b,e,b,e,r,a,p,a
t,a,h,u,n
t,e,k,u,n
d,u,n,i,a
t,a,n,i
s,e,n,d,i,r,i
u,s,a,h,a
m,u,l,a,i
k,e,m,b,a,n,g
m,o,d,a,l
k,e,m,b,a,l,i
a,k,h,i,r
l,i,p,a,t
g,a,n,d,a
m,a,k,i,n
k,e,s,i,n,i
p,u,t,u,s
t,e,r,u,s
k,e,m,b,a,n,g
b,i,s,n,i,s
r,e,l,a,s,i
l,e,b,i,h
l,u,a,s
l,a,g,i
d,a,n
r,a,s,a
c,u,k,u,p
s,u,k,s,e,s
p,u,t,u,s
m,e,n,i
u,s,i,a
2,5
t,a,h,u,n
t,i,d,a,k
s,a,n,g,k,a
m,e,n,i
m,e,s,k,i
t,a,n,g,g,u,n,g
j,a,w,a,b
t,a,m,b,a,h
r,e,j,e,k,i
m,a,k,i,n
l,i,m,p,a,h
k,i,n,i
m,a,k,i,n
s,e,m,a,n,g,a,t
k,e,m,b,a,n,g
t,a,n,i
m,o,d,e,r,n
a,j,a,r
b,a,g,a,i
a,l,a,m
d,a,n
t,a,h,u,n
m,e,n,i
m,i,l,i,k
o,r,a,n,g
a,n,a,k
u,s,i,a
s,a,t,u
t,a,h,u,n
i,n,i
k,i,n,i
t,e,r,u,s
u,s,a,h,a
b,e,r,i
b,a,i,k
u,s,a,h,a
k,e,l,u,a,r,g,a
s,a,y,a
d,e,n,g,a,n
k,o,n,d,i,s,i
s,e,k,a,r,a,n,g
e,k,o,n,o,m,i
l,e,b,i,h
b,a,i,k
i,n,g,i,n
t,e,r,u,s
b,a,h,a,g,i,a
k,e,l,u,a,r,g,a
k,e,c,i,l
m,a,u,p,u,n
o,r,a,n,g
t,u,a
b,a,n,y,a,k
j,u,a,n,g
m,a,s,a
d,e,p,a,n
s,a,y,a
r,a,s,a
s,y,u,k,u,r
d,a,t,a,n,g
t,i,a,d,a
h,e,n,t,i
k,o,n,d,i,s,i
m,a,k,i,n
h,a,r,i
m,a,k,i,n
b,a,i,k
h,i,n,g,g,a
i,n,i
k,u,m,p,u,l
i,k,l,a,n
b,i,s,a
k,a,m,u
j,a,d,i
r,e,f,e,r,e,n,s,i
p,r,o,m,o,s,i
b,i,s,n,i,s
k,a,m,u
c,o,n,t,o,h
a,u,t,o,b,i,o,g,r,a,f,i
t,o,k,o,h
i,s,l,a,m
k,a,l,a,n,g
s,a,h,a,b,a,t
h,i,n,g,g,a
b,a,n,y,a,k
s,e,k,a,l,i
k,e,n,a,l
u,m,a,t
s,a,l,a,h
s,a,t,u
a,l,i
b,i,n
a,b,i
t,h,a,l,i,b
b,e,l,i,a,u
r,u,p,a
s,a,l,a,h
s,a,t,u
t,o,k,o,h
s,e,j,a,r,a,h
s,a,h,a,b,a,t
r,a,s,u,l,u,l,l,a,h
s,e,t,i,a
a,l,i
b,i,n
a,b,i
t,h,a,l,i,b
r,u,p,a
p,u,t,r,a
p,a,m,a,n
r,a,s,u,l
n,a,m,a
a,b,u
t,h,a,l,i,b
o,r,a,n,g
t,a,k
h,e,n,t,i
l,i,n,d,u,n,g
h,i,n,g,g,a
a,k,h,i,r
h,a,y,a,t
a,l,i
b,i,n
a,b,i
t,h,a,l,i,b
m,i,l,i,k
b,a,n,y,a,k
l,e,b,i,h
s,e,l,a,i,n
b,e,r,a,n,i
b,e,l,i,a,u
k,e,n,a,l
l,e,b,i,h
b,i,d,a,n,g
i,l,m,u
i,n,t,e,l,e,k,t,u,a,l
o,l,e,h
i,t,u
h,e,r,a,n
b,e,l,i,a,u
b,a,n,y,a,k
k,e,n,a,l
s,o,s,o,k
c,e,r,d,a,s
k,a,l,a,n,g
k,h,u,k,a,f,a,u,r
r,a,s,y,i,d,i,n
b,e,l,i,a,u
d,a,p,a,t
i,l,m,u
l,u,a,s
s,e,j,a,k
k,e,c,i,l
a,s,u,h
r,a,s,u,l,u,l,l,a,h
s,a,w
p,a,d,a
m,a,s,a
r,a,s,u,l
b,e,l,i,a,u
s,e,n,a,n,t,i,a,s,a
t,a,n,i
d,a,k,w,a,h
p,u,n
h,i,n,g,g,a
a,k,h,i,r
b,e,l,i,a,u
n,i,k,a,h
p,u,t,r,i
r,a,s,u,l,u,l,l,a,h
n,a,m,a
s,a,y,y,i,d,a,h
f,a,t,i,m,a,h
d,a,r,i
n,i,k,a,h
s,e,b,u,t
a,l,i
m,i,l,i,k
d,u,a
o,r,a,n,g
p,u,t,r,a
b,e,r,i
n,a,m,a
h,a,s,a,n
h,u,s,s,e,i,n
d,u,a
j,a,d,i
t,o,k,o,h
h,e,b,a,t
i,n,g,a,t
d,u,a
r,u,p,a
c,u,c,u
r,a,s,u,l,u,l,l,a,h
t,i,n,g,g,a,l
r,a,s,u,l
a,l,i
t,e,t,a,p
j,a,d,i
t,o,k,o,h
i,s,l,a,m
s,e,t,i,a
a,k,t,i,f
h,i,n,g,g,a
u,s,a,i
w,a,f,a,t
u,s,t,m,a,n
b,e,l,i,a,u
a,n,g,k,a,t
j,a,d,i
k,h,u,l,a,f,a,u,r
r,a,s,y,i,d,i,n
e,m,p,a,t
n,a,m,u,n
s,a,n,g,a,t
s,a,y,a,n,g
m,a,s,a
a,l,i
i,s,l,a,m
m,u,l,a,i
m,a,s,u,k
r,a,n,a,h
p,o,l,i,t,i,k
b,e,l,i,a,u
h,a,d,a,p
t,a,n,t,a,n,g
k,e,r,a,s
i,n,t,e,r,n,a,l
u,m,a,t
s,e,n,d,i,r,i
t,a,n,t,a,n,g
m,u,l,a,i
s,e,j,a,k
a,d,a
t,u,n,t,u,t
a,t,a,s
t,i,n,g,g,a,l
k,h,a,l,i,f,a,h
u,t,s,m,a,n
t,e,r,u,s
k,e,m,b,a,n,g
l,u,a,s
p,a,d,a
a,k,h,i,r
b,e,l,i,a,u
t,i,n,g,g,a,l
d,u,n,i,a
p,e,r,i,s,t,i,w,a
t,a,h,k,i,m
a,l,i
m,u,a,w,i,y,a,h
r,u,p,a
c,a,l,o,n
d,i,r,i
d,i,n,a,s,t,i
b,a,n,i
u,m,a,y,y,a,h
s,a,a,t
i,t,u
d,a,r,i
s,i,n,i
a,k,h,i,r
k,u,a,s,a
k,h,u,l,a,f,a,u,r
r,a,s,y,i,d,i,n
m,a,n,a
a,l,i
b,i,n
a,b,i
t,h,a,l,i,b
k,h,a,l,i,f,a,h
a,k,h,i,r
c,o,n,t,o,h
a,u,t,o,b,i,o,g,r,a,f,i
n,a,m,a
a,t,n,a,n
p,u,t,r,a
d,a,r,m,a,n,s,y,a,h
b,i,a,s,a
r,u,m,a,h
s,a,p,a
n,a,m,a
p,a,n,g,g,i,l
a,t,n,a,n
s,a,y,a
l,a,h,i,r
t,a,h,u,n
1,9,9,0
s,e,d,a,n,g
d,a,e,r,a,h
a,s,a,l
l,a,h,i,r
r,u,p,a
b,u,a,h
d,e,s,a
j,a,w,a
t,e,n,g,a,h
l,a,m,a
i,n,i
b,e,s,a,r
s,a,n,a
p,e,n,u,h
k,a,s,i,h
s,a,y,a,n,g
d,u,a
o,r,a,n,g
t,u,a
a,s,l,i
j,a,w,a
t,e,n,g,a,h
t,u,m,b,u,h
b,e,s,a,r
t,e,n,g,a,h
h,i,d,u,p
m,a,s,y,a,r,a,k,a,t
d,e,s,a
b,u,a,t
n,y,a,m,a,n
t,e,n,a,n,g
p,r,s,i,k,o,l,o,g,i
m,a,t,a,n,g
a,p,a,l,a,g,i
s,e,j,a,k
m,a,s,i,h
t,e,m,p,u,h
j,e,n,j,a,n,g
d,i,d,i,k
s,e,k,o,l,a,h
d,a,s,a,r
s,u,d,a,h
a,j,a,r
b,a,n,y,a,k
t,e,n,t,a,n,g
h,i,d,u,p
s,o,s,i,a,l
m,a,s,y,a,r,a,k,a,t
d,u,a
o,r,a,n,g
t,u,a
j,e,n,j,a,n,g
d,i,d,i,k
h,i,n,g,g,a
s,m,a
t,e,m,p,u,h
w,i,l,a,y,a,h
j,a,u,h
r,u,m,a,h
d,e,n,g,a,n
d,e,m,i,k,i,a,n
j,e,l,a,s
a,k,h,i,r
t,a,h,u
b,e,t,u,l
s,i,a,p,a
b,a,g,a,i,m,a,n,a
j,u,a,n,g
o,r,a,n,g
t,u,a
k,h,u,s,u,s
b,i,d,a,n,g
e,k,o,n,o,m,i
a,p,a,l,a,g,i
i,n,g,a,t
k,e,l,u,a,r,g,a
b,u,k,a,n
k,e,l,u,a,r,g,a
t,i,n,g,k,a,t
e,k,o,n,o,m,i
g,o,l,o,n,g
m,a,p,a,n
h,i,n,g,g,a
a,k,h,i,r
t,e,k,a,d
b,i,s,a
b,a,w,a
k,e,l,u,a,r,g,a
j,e,n,j,a,n,g
e,k,o,n,o,m,i
j,a,u,h
l,e,b,i,h
b,a,i,k
j,u,a,n,g
j,a,u,h
i,n,i
u,n,t,u,k
g,a,p,a,i
c,i,t,a
s,a,y,a
s,a,j,a
m,a,s,a,l,a,h
d,i,d,i,k
p,e,r,h,a,t,i
b,a,i,k
d,e,n,g,a,n
i,n,i
p,u,t,u,s
l,a,n,j,u,t
k,u,l,i,a,h
l,u,l,u,s
s,m,a
n,a,m,u,n
s,a,d,a,r
b,e,t,u,l
e,k,o,n,o,m,i
k,e,l,u,a,r,g,a
c,u,k,u,p
s,u,l,i,t
b,i,a,y,a
u,a,n,g
k,u,l,i,a,h
b,i,a,y,a
h,i,d,u,p
h,a,r,i
a,k,h,i,r
t,e,k,a,d
k,u,l,i,a,h
k,e,r,j,a
s,a,m,p,i,n,g
s,a,a,t
i,t,u
k,u,l,i,a,h
j,u,r,u,s
t,e,k,n,o,l,o,g,i
s,u,d,a,h
m,u,l,a,i
s,a,d,a,r
k,e,m,b,a,n,g
t,e,k,n,o,l,o,g,i
m,a,k,i,n
p,e,s,a,t
m,a,k,i,n
k,e,s,i,n,i
s,e,l,a,i,n
i,t,u
j,u,g,a
m,u,l,a,i
k,a,r,i,r
f,r,e,e,l,a,n,c,e,r
b,a,g,a,i
b,i,d,a,n,g
c,u,k,u,p
s,u,k,a
a,n,t,a,r,a
f,o,t,o,g,r,a,f,i
d,e,s,a,i,n
w,r,i,t,e,r
m,a,s,i,h
b,a,n,y,a,k
l,a,g,i
j,u,a,n,g
l,a,l,u
i,r,i,n,g
k,u,l,i,a,h
c,u,k,u,p
p,e,n,u,h
b,u,t,u,h
n,a,m,u,n
s,a,d,a,r
p,a,d,u
i,l,m,u
t,e,k,n,o,l,o,g,i
l,a,m,a
s,u,d,a,h
a,j,a,r
k,e,r,j,a
s,a,m,p,i,n,g
s,e,b,u,t
b,a,w,a
d,a,m,p,a,k
m,a,n,f,a,a,t
h,i,n,g,g,a
l,u,l,u,s
k,u,l,i,a,h
u,s,a,h,a
m,e,m,b,a,n,g,u
b,e,b,e,r,a,p,a
b,i,s,n,i,s
o,n,l,i,n,e
k,e,m,b,a,n,g
h,a,s,i,l
c,u,k,u,p
j,a,n,j,i
t,e,l,a,h
5
t,a,h,u,n
l,a,m,a
j,a,d,i
s,a,r,j,a,n,a
k,i,n,i
s,u,d,a,h
b,a,n,y,a,k
s,e,k,a,l,i
a,l,a,m
u,s,a,h,a
o,n,l,i,n,e
l,a,l,u
l,a,m,a
i,n,i
h,i,n,g,g,a
a,k,h,i,r
u,s,a,h,a
s,e,b,u,t
h,a,s,i,l
b,u,k,a
l,a,p,a,n,g
k,e,r,j,a
m,e,r,e,k,a
t,i,d,a,k
e,r,t,i
t,e,n,t,a,n,g
k,o,m,p,u,t,e,r
h,a,s,i,l
p,e,r
b,u,l,a,n
p,u,n
t,a,n,g,g,u,n,g
l,e,b,i,h
c,u,k,u,p
p,e,n,u,h
b,a,g,a,i
b,u,t,u,h
k,e,l,u,a,r,g,a
s,a,a,t
j,n,i
t,i,a,d,a
b,i,s,a
p,a,n,j,a,t
s,y,u,k,u,r
d,a,n
p,e,n,t,i,n,g
t,e,k,a,d
t,e,r,u,s
u,s,a,h,a
k,e,m,b,a,n,g
a,p,a
t,e,l,a,h
b,a,n,g,u,n
l,a,m,a
i,n,i
s,a,m,a
t,i,m
a,k,h,i,r
r,a,s,a
b,e,t,a,p,a
t,i,d,a,k
s,i,a
j,u,a,n,g
o,r,a,n,g
t,u,a
l,a,t,a,r
b,e,l,a,k,a,n,g
k,e,l,u,a,r,g,a
e,k,o,n,o,m,i
t,e,n,g,a,h
k,e
b,a,w,a,h
h,i,n,g,g,a
m,a,m,p,u
a,n,t,a,r
s,u,k,s,e,s
m,a,c,a,m
m,a,c,a,m
u,k,u,r
k,e,r,t,a,s
s,e,r,i
a
b
c
f
l,e,n,g,k,a,p
c,o,n,t,o,h
a,u,t,o,b,i,o,g,r,a,f,i
s,a,y,a
o,r,a,n,g
p,e,r,e,m,p,u,a,n
n,a,m,a
i,n,d,a,n
n,o,v,i,a
b,i,a,s,a
p,a,n,g,g,i,l
n,a,m,a
n,o,v,i
s,a,y,a
l,a,h,i,r
p,a,d,a
t,a,n,g,g,a,l
1
s,e,p,t,e,m,b,e,r
t,a,h,u,n
1,9,9,4
p,a,d,a
t,a,h,u,n
s,e,b,u,t
l,a,h,i,r
d,e,s,a
n,a,m,a
m,a,n,g,k,u,r,e,j,o
j,a,u,h
i,n,i
t,u,m,b,u,h
s,e,l,a,l,u
d,i
i,r,i,n,g
k,a,s,i,h
s,a,y,a,n,g
o,r,a,n,g
t,u,a
t,i,a,d,a
h,a,b,i,s
m,e,r,e,k,a
s,e,n,a,n,t,i,a,s,a
t,u,n,t,u,n
b,a,g,a,i
k,e,p,a,d,a
s,a,y,a
d,a,l,a,m
r,a,n,a,h
d,i,d,i,k
d,i
t,a,h,u,n
2,0,0,7
l,u,l,u,s
s,e,k,o,l,a,h
d,a,s,a,r
d,i
s,d
m,a,n,g,k,u,r,e,j,o
1
d,i
s,i,n,i
m,u,l,a,i
a,j,a,r
b,a,g,a,i
d,a,p,a,t
a,d,a
m,a,m,p,u
a,k,a,d,e,m,i,k
s,e,n,d,i,r,i
s,i,m,p,a,n
d,i,r,i
s,i,n,g,k,a,t
b,i,s,a
d,i
s,e,b,u,t
s,a,l,a,h
s,a,t,u
m,u,r,i,d
c,u,k,u,p
p,a,n,d,a,i
d,i
k,e,l,a,s
b,a,h,k,a,n
h,i,n,g,g,a
l,u,l,u,s
t,i,d,a,k
p,e,r,n,a,h
m,e,l,e,s,e,t
d,a,p,a,t
p,e,r,i,n,g,k,a,t
5
b,e,s,a,r
p,r,e,s,t,a,s,i
s,e,b,u,t
r,u,p,a
b,a,n,g,g,a,n
s,e,n,d,i,r,i
d,u,a
o,r,a,n,g
t,u,a
d,a,l,a,m
i,n,i
p,u,n
s,a,n,g,a,t
s,y,u,k,u,r
t,i,d,a,k
h,a,n,y,a
h,e,n,t,i
d,i
s,i,n,i
d,i
j,e,n,j,a,n,g
s,m,p
p,u,n
m,a,s,i,h
u,k,i,r
p,r,e,s,t,a,s,i
a,k,a,d,e,m,i,k
b,a,h,k,a,n
d,i
s,i,n,i
h,a,s,i,l
r,a,i,h
b,a,g,a,i
p,r,e,s,t,a,s,i
d,i
b,i,d,a,n,g
s,e,n,i
m,u,l,a,i
s,e,n,i
m,u,s,i,k
h,i,n,g,g,a
s,e,n,i
t,a,r,i
s,e,j,a,k
s,m,p
h,i,n,g,g,a
l,u,l,u,s
s,m,a
p,a,s,u,k
u,s,i,a
1,9
t,a,h,u,n
s,a,y,a
m,u,l,a,i
p,a,s,u,k
g,u,r,u
t,i,n,g,g,i
l,a,n,j,u,t
s,t,u,d,i
d,a,l,a,m
i,n,i
s,a,y,a
m,i,l,i,k
j,u,r,u,s
t,e,k,n,i,k
i,n,f,o,r,m,a,t,i,k,a
d,i
s,a,l,a,h
s,a,t,u
u,n,i,v,e,r,s,i,t,a,s
n,a,m,a
s,a,y,a
p,i,l,i,h
j,u,r,u,s
s,e,b,u,t
m,e,m,a,n,g
b,e,g,i,t,u
t,a,r,i,k
h,a,l
b,a,u
t,e,k,n,o,l,o,g,i
d,a,n
l,a,m,a
k,u,l,i,a,h
p,u,n
s,a,y,a
b,e,g,i,t,u
n,i,k,m,a,t
d,i,d,i,k
t,e,l,a,h
s,a,y,a
p,u,t,u,s
s,e,b,u,t
d,i
s,i,n,i
s,a,y,a
l,u,l,u,s
k,u,l,i,a,h
d,i
t,a,h,u,n
2,0,1,7
l,u,l,u,s
b,a,i,k
s,e,k,a,l,i
l,a,g,i
i,n,i
j,a,d,i
b,a,n,g,g,a,n
s,e,n,d,i,r,i
d,u,a
o,r,a,n,g
t,u,a
s,a,y,a
t,e,l,a,h
d,i,d,i,k
b,i,a,y,a
b,e,s,a,r
h,i,n,g,g,a
p,u,l,u,h
t,a,h,u,n
l,a,m,a
h,u,b,u,n,g
s,u,d,a,h
j,a,d,i
l,u,l,u,s
b,a,i,k
s,a,j,a
p,r,e,s,t,a,s,i
i,n,i
t,i,d,a,k
a,k,a,n
d,i
s,i,a
b,e,g,i,t,u
s,a,j,a
s,a,y,a
p,u,t,u,s
m,u,l,a,i
k,e,r,j,a
s,u,d,a,h
w,i,s,u,d,a
t,a,h,u,n
l,a,l,u
s,a,y,a
l,a,m,a,r
k,e,r,j,a
d,i
b,u,a,t
u,s,a,h,a
n,a,m,a
p,a,d,a
b,i,d,a,n,g
s,e,s,u,a,i
m,a,m,p,u
d,i,d,i,k
s,1
s,a,j,a
d,i
s,i,n,i
s,a,y,a
s,y,u,k,u,r
s,e,k,a,l,i
u,s,a,h,a
s,a,m,b,u,t
b,a,i,k
t,e,r,i,m,a
s,a,y,a
j,a,d,i
b,a,g,i
m,e,r,e,k,a
h,i,n,g,g,a
s,e,k,a,r,a,n,g
p,e,r,c,a,y,a
t,i,n,g,g,i
t,e,l,a,h
s,a,t,u
t,a,h,u,n
l,a,m,a
c,o,n,t,o,h
a,u,t,o,b,i,o,g,r,a,f,i
b,a,g,a,i,m,a,n,a
t,e,l,a,h
d,i
s,e,b,u,t
b,e,l,u,m
a,u,t,o,b,i,o,g,r,a,f,i
t,i,d,a,k
h,a,r,u,s
k,i,s,a,h
d,i,r,i
s,e,n,d,i,r,i
a,d,a
j,u,g,a
a,u,t,o,b,i,o,g,r,a,f,i
s,u,d,u,t
p,a,n,d,a,n,g
o,r,a,n,g
t,i,g,a
d,a,s,a,r
p,a,d,a
k,i,s,a,h
a,d,a
s,a,l,a,h
s,a,t,u
a,d,a,l,a,h
a,u,t,o,b,i,o,g,r,a,f,i
d,i
t,u,l,i,s
d,e,n,g,a,n
s,u,b,y,e,k
p,a,h,l,a,w,a,n
r,e,n,t,e,t
p,a,h,l,a,w,a,n
p,u,n
t,e,n,t,u
s,a,j,a
b,e,g,i,t,u
b,a,n,y,a,k
a,d,a
b,a,g,a,i
m,a,c,a,m
p,i,l,i,h
b,i,s,a
d,i
r,u,j,u,k
s,e,l,a,i,n
i,t,u
a,u,t,o,b,i,o,g,r,a,f,i
p,a,h,l,a,w,a,n
i,n,i
c,u,k,u,p
t,a,r,i,k
i,s,p,i,r,a,t,i,f
k,e,s,a,n
t,i,d,a,k
h,e,r,a,n
b,a,n,y,a,k
t,a,r,i,k
n,a,h
a,n,t,a,r,a
c,o,n,t,o,h
g,a,m,b,a,r,a,n,g
a,u,t,o,b,i,o,g,r,a,f,i
p,a,h,l,a,w,a,n
i,n,i
s,e,p,e,r,t,o
k,i,s,a,h
h,i,d,u,p
r
a
k,a,r,t,i,n,i
b,e,l,i,a,u
a,d,a,l,a,h
s,o,s,o,k
j,u,a,n,g
w,a,n,i,t,a
y,a,n,g
h,i,n,g,g,a
k,i,n,i
t,e,t,a,p
d,i
k,e,n,a,n,g
d,i
j,u,n,j,u,n,g
j,u,a,n,g
p,u,n
h,i,n,g,g,a
k,i,n,i
j,a,d,i
s,o,r,o,t
p,o,i,n
s,e,n,d,i,r,i
a,u,t,o,b,i,o,g,r,a,f,i
s,e,l,a,i,n
i,t,u
a,d,a
b,a,n,y,a,k
p,a,h,l,a,w,a,n
n,a,s,i,o,n,a,l
y,a,n,g
t,u,r,u,t
k,o,r,b,a,n
m,e,m,p,e,r,j,u,a,n,g,n,a
m,e,r,d,e,k,a
a,u,t,o,b,i,o,g,r,a,f,i
m,e,r,e,k,a
s,a,n,g,a,t
p,e,n,t,i,n,g
d,i
t,u,l,i,s
n,a,m,a
d,a,n
j,a,s,a
a,k,a,n
t,e,r,u,s
d,i
k,e,n,a,l
g,e,n,e,r,a,s,i
b,a,n,g,s,a
j,a,d,i
j,i,k,a
a,n,d,a
o,r,a,n,g
y,a,n,g
a,h,l,i
s,e,j,a,r,a,h
b,a,n,g,s,a
b,i,s,a
j,u,g,a
m,u,l,a,i
b,a,n,y,a,k
t,u,l,i,s
c,o,n,t,o,h
a,u,t,o,b,i,o,g,r,a,f,i
i,n,i
m,e,n,g,a,p,a
h,a,r,u,s
a,d,a
a,u,t,o,b,i,o,g,r,a,f,i
b,e,n,a,r
a,p,a
s,i,h
m,a,n,f,a,a,t
m,i,l,i,k
t,u,l,i,s
a,u,t,o,b,i,o,g,r,a,f,i
i,n,i
j,a,n,g,a,n
s,a,l,a,h
k,a,i,t
s,e,b,u,t
a,u,t,o,b,i,o,g,r,a,f,i
c,u,k,u,p
p,e,n,t,i,n,g
j,a,d,i
p,e,r,h,a,t,i
s,e,n,d,i,r,i
a,u,t,o,b,i,o,g,r,a,f,i
y,a,n,g
s,u,d,a,h
t,u,l,i,s
r,i,n,c,i
b,i,s,a
b,e,r,i
d,a,m,p,a,k
s,e,n,d,i,r,i
t,u,l,i,s
s,u,b,j,e,k
m,a,u,p,u,n
o,r,a,n,g
y,a,n,g
b,a,c,a
d,a,l,a,m
i,n,i
a,u,t,o,b,i,o,g,r,a,f,i
b,i,s,a
i,n,g,a,t
a,n,d,a
b,a,g,a,i
a,l,a,m
y,a,n,g
t,e,l,a,h
d,i
l,a,l,u
s,e,l,a,i,n
i,t,u
a,n,d,a
b,i,s,a
l,i,h,a,t
b,e,r,a,p,a
j,a,u,h
c,a,p,a,i
l,a,m,a
i,n,i
s,e,d,a,n,g
o,r,a,n,g
l,a,i,n
y,a,n,g
b,a,c,a
a,u,t,o,b,i,o,g,r,a,f,i
o,r,a,n,g
y,a,n,g
s,u,k,s,e,s
t,e,n,t,u
b,i,s,a
b,a,n,g,k,i,t
s,e,m,a,n,g,a,t
s,e,n,d,i,r,i
d,e,n,g,a,n
k,a,t,a
l,a,i,n
a,u,t,o,b,i,o,g,r,a,f,i
a,n,d,a
b,i,s,a
j,a,d,i
m,o,t,i,v,a,s,i
o,r,a,n,g
l,a,i,n
i,t,u
b,a,g,a,i
c,o,n,t,o,h
t,a,r,i,k
k,e,n,a
a,u,t,o,b,i,o,g,r,a,f,i
y,a,n,g
b,i,s,a
g,u,n,a
r,e,f,e,r,e,n,s,i
t,u,g,a,s
s,e,k,o,l,a,h
u,j,i
d,a,n
l,a,i,n
l,a,i,n
e,r,t,i
a,u,t,o,b,i,o,g,r,a,f,i
c,o,n,t,o,h
a,u,t,o,b,i,o,g,r,a,f,i
d,i,r,i
s,e,n,d,i,r,i
c,o,n,t,o,h
a,u,t,o,b,i,o,g,r,a,f,i
l,e,n,g,k,a,p
c,o,n,t,o,h
a,u,t,o,b,i,o,g,r,a,f,i
p,a,h,l,a,w,a,n
c,o,n,t,o,h
a,u,t,o,b,i,o,g,r,a,f,i
u,s,a,h,a
c,o,n,t,o,h
a,u,t,o,b,i,o,g,r,a,f,i
p,a,n,j,a,n,g
m,a,n,f,a,a,t
a,u,t,o,b,i,o,g,r,a,f,i
d,l,l
b,a,g,a,i,m,a,n,a
c,a,r,a
h,i,t,u,n,g
d,a,p,a,t
n,a,s,i,o,n,a,l
g,u,n,a
r,u,m,u,s
j,i,t,u
i,n,i
b,o,l,e,h
c,o,p,y
p,a,s,t,e
j,a,n,g,a,n
l,u,p,a
c,a,n,t,u,m
s,u,m,b,e,r
t,e,r,i,m,a,k,a,s,i,h,c,o,n,t,o,h
a,u,t,o,b,i,o,g,r,a,f,i
